{"cameraMode":{"drawMode":0,"name":"Shaded","section":"Shading Mode"},"sceneLighting":true,"audioPlay":false,"sceneViewState":{"showFog":true,"showMaterialUpdate":false,"showSkybox":true,"showFlares":true,"showImageEffects":true,"showParticleSystems":true,"showVisualEffectGraphs":true,"m_FxEnabled":true},"in2DMode":false,"pivot":{"x":-0.24168968200683595,"y":-1.1419506072998047,"z":-0.06949615478515625},"rotation":{"x":0.11782298982143402,"y":-0.3729705214500427,"z":0.04781310632824898,"w":0.9190902709960938},"size":16.96133041381836,"orthographic":false}