{"cameraMode":{"drawMode":0,"name":"Shaded","section":"Shading Mode"},"sceneLighting":true,"audioPlay":false,"sceneViewState":{"showFog":true,"showMaterialUpdate":false,"showSkybox":true,"showFlares":true,"showImageEffects":true,"showParticleSystems":true,"showVisualEffectGraphs":true,"m_FxEnabled":true},"in2DMode":false,"pivot":{"x":19.874431610107423,"y":10.495628356933594,"z":18.50836944580078},"rotation":{"x":0.24833166599273683,"y":0.08702482283115387,"z":-0.022461188957095147,"w":0.9645207524299622},"size":19.480266571044923,"orthographic":false}