{"cameraMode":{"drawMode":0,"name":"Shaded","section":"Shading Mode"},"sceneLighting":true,"audioPlay":false,"sceneViewState":{"showFog":true,"showMaterialUpdate":false,"showSkybox":true,"showFlares":true,"showImageEffects":true,"showParticleSystems":true,"showVisualEffectGraphs":true,"m_FxEnabled":true},"in2DMode":false,"pivot":{"x":-6.070433139801025,"y":0.007952898740768433,"z":-5.841479301452637},"rotation":{"x":-0.016656434163451196,"y":-0.3759723901748657,"z":-0.006827350705862045,"w":0.9264786243438721},"size":9.070281982421875,"orthographic":false}