{"cameraMode":{"drawMode":0,"name":"Shaded","section":"Shading Mode"},"sceneLighting":true,"audioPlay":false,"sceneViewState":{"showFog":true,"showMaterialUpdate":false,"showSkybox":true,"showFlares":true,"showImageEffects":true,"showParticleSystems":true,"showVisualEffectGraphs":true,"m_FxEnabled":true},"in2DMode":false,"pivot":{"x":-0.9618854522705078,"y":-1.8225624561309815,"z":-1.9871845245361329},"rotation":{"x":0.09839894622564316,"y":-0.37667232751846316,"z":0.04021401330828667,"w":0.9202520847320557},"size":7.053511619567871,"orthographic":false}