{"cameraMode":{"drawMode":0,"name":"Shaded","section":"Shading Mode"},"sceneLighting":true,"audioPlay":false,"sceneViewState":{"showFog":true,"showMaterialUpdate":false,"showSkybox":true,"showFlares":true,"showImageEffects":true,"showParticleSystems":true,"showVisualEffectGraphs":true,"m_FxEnabled":true},"in2DMode":false,"pivot":{"x":2.6870079040527345,"y":0.8844490051269531,"z":-2.1378087997436525},"rotation":{"x":0.08108855038881302,"y":-0.3579246699810028,"z":0.031218241900205613,"w":0.9296990633010864},"size":13.764059066772461,"orthographic":false}