{"cameraMode":{"drawMode":0,"name":"Shaded","section":"Shading Mode"},"sceneLighting":false,"audioPlay":false,"sceneViewState":{"showFog":true,"showMaterialUpdate":false,"showSkybox":false,"showFlares":true,"showImageEffects":true,"showParticleSystems":true,"showVisualEffectGraphs":true,"m_FxEnabled":true},"in2DMode":false,"pivot":{"x":0.8803603649139404,"y":0.055778682231903079,"z":-0.10902360081672669},"rotation":{"x":0.24855472147464753,"y":-0.49208545684814455,"z":0.14898334443569184,"w":0.8209192156791687},"size":4.71964693069458,"orthographic":false}