{"cameraMode":{"drawMode":0,"name":"Shaded","section":"Shading Mode"},"sceneLighting":false,"audioPlay":false,"sceneViewState":{"showFog":true,"showMaterialUpdate":false,"showSkybox":false,"showFlares":true,"showImageEffects":true,"showParticleSystems":true,"showVisualEffectGraphs":true,"m_FxEnabled":true},"in2DMode":false,"pivot":{"x":0.989808976650238,"y":0.04125884175300598,"z":-0.05285990238189697},"rotation":{"x":0.17580613493919373,"y":-0.4266035258769989,"z":0.08491357415914536,"w":0.8831327557563782},"size":1.0442075729370118,"orthographic":false}